"Gemeenten";"Totaal bekend energieverbruik (incl. hern. warmte, zonnestroom 'achter de meter' en auto(snel)wegen)|2010";"Totaal bekend energieverbruik (incl. hern. warmte, zonnestroom 'achter de meter' en auto(snel)wegen)|2011";"Totaal bekend energieverbruik (incl. hern. warmte, zonnestroom 'achter de meter' en auto(snel)wegen)|2012";"Totaal bekend energieverbruik (incl. hern. warmte, zonnestroom 'achter de meter' en auto(snel)wegen)|2013";"Totaal bekend energieverbruik (incl. hern. warmte, zonnestroom 'achter de meter' en auto(snel)wegen)|2014";"Totaal bekend energieverbruik (incl. hern. warmte, zonnestroom 'achter de meter' en auto(snel)wegen)|2015";"Totaal bekend energieverbruik (incl. hern. warmte, zonnestroom 'achter de meter' en auto(snel)wegen)|2016";"Totaal bekend energieverbruik (incl. hern. warmte, zonnestroom 'achter de meter' en auto(snel)wegen)|2017";"Totaal bekend energieverbruik (incl. hern. warmte, zonnestroom 'achter de meter' en auto(snel)wegen)|2018";"Totaal bekend energieverbruik (incl. hern. warmte, zonnestroom 'achter de meter' en auto(snel)wegen)|2019";"Totaal bekend energieverbruik (incl. hern. warmte, zonnestroom 'achter de meter' en auto(snel)wegen)|2020";"Totaal bekend energieverbruik (incl. hern. warmte, zonnestroom 'achter de meter' en auto(snel)wegen)|2021"
"Aa en Hunze";2768;2702;2641;2678;2592;2399;2464;2919;"?";2425;2802;2767
"Aalsmeer";3857;3528;3456;3219;3258;3065;3201;3270;3090;3046;2996;3057
"Aalten";2056;2006;2031;1955;1815;1799;1776;1802;1822;1804;1661;1663
"Achtkarspelen";2567;2542;2535;2440;2405;2318;2217;2190;2311;2278;2177;2116
"Alblasserdam";1969;2033;"?";1851;1782;2308;2269;1838;1871;1723;1710;1793
"Albrandswaard";1513;1470;1469;1500;1386;1391;1374;1427;1417;"?";1355;1368
"Alkmaar";7832;7544;7974;"?";7450;7707;7501;7628;7914;7941;7712;7453
"Almelo";7510;7367;7434;7349;"?";6624;6596;6747;6284;"?";6051;6386
"Almere";12324;12041;11823;"?";10714;10690;10642;10913;11038;11025;10601;10646
"Alphen aan den Rijn";7411;7098;7130;6980;6507;6479;6306;6337;6374;6294;5853;5852
"Alphen-Chaam";1099;1053;1068;1060;949;937;953;966;966;955;848;864
"Altena";5892;5693;5565;5416;5013;"?";5035;5088;5225;5127;4748;4840
"Ameland";397;392;426;449;410;"?";"?";451;466;440;462;492
"Amersfoort";11718;11250;10932;10746;10045;10111;10047;10178;10246;10087;"?";9279
"Amstelveen";6800;6466;6118;6102;5979;5825;5791;"?";5650;5461;5050;5033
"Amsterdam";64023;59348;"?";58820;55348;55762;55713;56123;56999;58989;53106;53646
"Apeldoorn";17984;17340;17314;16734;15694;15560;15490;15811;15810;15837;14546;14839
"Arnhem";13902;13062;13099;12827;11873;12059;12221;12473;12512;12519;11219;11290
"Assen";5281;6051;5007;5011;4642;4648;4634;4684;4689;4576;4023;4036
"Asten";4095;4126;3702;3985;3775;3751;3556;3837;3871;"?";"?";"?"
"Baarle-Nassau";863;845;785;849;828;819;825;824;848;827;820;834
"Baarn";2482;2354;2278;2280;2124;2169;2123;2140;2102;2054;1818;1850
"Barendrecht";4289;4164;3959;3806;"?";3479;3487;"?";3624;3533;"?";3476
"Barneveld";7040;6829;6922;6634;6161;6148;6212;6351;6425;6371;5650;5753
"Beek";1986;1901;1880;1866;1722;1761;"?";1801;1814;"?";1436;1637
"Beekdaelen";3268;3170;3116;3268;"?";2836;2774;"?";"?";2731;2514;2522
"Beesel";1355;1323;1317;1326;1214;"?";"?";1274;1289;1251;1177;1180
"Berg en Dal";2851;2761;2656;"?";2545;2507;2414;2420;2433;2400;2162;"?"
"Bergeijk";1673;1633;1635;1648;1535;1524;1529;1541;1562;1535;1330;1356
"Bergen (L.)";1772;1676;"?";1715;1548;"?";1690;1744;1772;1617;1611;1711
"Bergen (NH.)";2443;2355;2426;2323;2228;2188;2195;2183;2198;2146;1869;1904
"Bergen op Zoom";17417;17547;17964;17319;16912;15201;15450;"?";"?";14374;14470;14160
"Berkelland";3913;3838;3793;4882;4590;5415;5709;5601;5594;5422;5235;4854
"Bernheze";3200;3135;3101;3074;2944;2970;2953;2991;3109;3065;2771;2793
"Best";2983;2942;3006;3002;2790;2825;2874;2940;2982;2907;2641;2658
"Beuningen";3772;3677;"?";3458;3597;3551;3612;3730;3746;"?";"?";"?"
"Beverwijk";"?";3085;3045;3053;2933;2950;2927;2977;"?";"?";"?";"?"
"Bladel";2085;2016;2007;2075;1920;1951;1909;1953;1988;1959;1805;1862
"Blaricum";1021;978;"?";939;"?";"?";889;943;968;"?";903;863
"Bloemendaal";1866;1727;1690;1664;1517;1530;1505;1553;1597;1507;1339;1376
"Bodegraven-Reeuwijk";4183;4194;4136;4094;3858;3894;3909;4010;4076;4027;3571;3555
"Boekel";1020;999;1022;1048;922;957;956;984;988;1002;1017;1029
"Borger-Odoorn";2460;2391;2352;2345;2203;2182;2084;1969;2069;1986;2339;2455
"Borne";1933;1878;1834;1797;1533;1561;1552;1601;1621;1578;1479;1521
"Borsele";"?";"?";"?";"?";"?";"?";"?";"?";"?";"?";"?";"?"
"Boxtel";3602;3607;3552;3521;3350;3388;3375;3485;3470;"?";"?";3135
"Breda";17213;16390;16130;15714;14503;14596;14513;14777;15005;14760;13237;13367
"Bronckhorst";4625;3772;4661;4522;4361;4355;4297;4330;4421;4349;4211;4278
"Brummen";3447;2994;3664;3599;"?";3230;6483;6187;6036;6240;6300;6304
"Brunssum";1917;1771;1763;1732;1594;1774;1692;1627;1649;1637;1475;1492
"Bunnik";2073;1986;1943;1868;1753;1756;1748;1759;1790;1755;1645;1650
"Bunschoten";1658;1673;1641;1690;1772;2041;2075;2090;2114;1712;1569;1583
"Buren";2361;2305;2253;2205;2040;2248;2170;2209;2294;2230;2143;2077
"Capelle aan den IJssel";3685;3559;3558;3419;3347;3324;3305;3251;3185;3087;3039;3066
"Castricum";2421;2348;2210;2207;2100;2085;2086;2084;2120;2091;1912;1915
"Coevorden";4948;4800;4715;4769;4484;4505;4488;4359;4421;4293;4464;4542
"Cranendonck";6031;6265;6148;6540;6586;"?";"?";"?";"?";5696;"?";"?"
"Culemborg";2022;1907;1911;1960;1737;1710;1664;1730;1822;1836;1676;1716
"Dalfsen";2496;2439;2434;2449;2304;2299;2330;2397;2433;2381;2304;2299
"Dantumadiel";1323;1297;1232;1236;1170;1159;1136;1104;1141;1110;1093;1078
"De Bilt";4386;4247;3796;3982;3720;3647;3638;3711;3702;3635;3180;3393
"De Fryske Marren";6517;6465;6794;6696;6379;6498;6393;6271;6471;6501;6043;6067
"De Ronde Venen";4643;4493;4318;4283;3999;4014;4042;4136;4171;4066;3711;3679
"De Wolden";2769;2736;2733;2751;2690;2718;2788;2814;2883;2839;2550;2499
"Delft";8511;8064;8004;7686;7588;7499;7410;7349;7376;7057;7003;7104
"Den Haag";30865;29109;28473;27641;26016;26408;26214;26232;26465;25987;24377;24678
"Den Helder";4365;4173;4364;4211;3987;3997;3971;3935;3861;3724;3492;3487
"Deurne";3408;3356;3234;3272;2977;3031;3014;3091;3145;3117;2837;2905
"Deventer";9116;"?";8384;8625;7804;7937;7960;8070;8028;7662;6982;7024
"Diemen";"?";"?";"?";"?";"?";2065;2063;"?";"?";"?";"?";"?"
"Dijk en Waard";7672;7067;7112;6752;6279;6093;6041;6084;6112;5923;5644;5686
"Dinkelland";2644;2588;2651;2661;2358;2351;2405;2544;2588;2432;2165;2280
"Doesburg";820;804;"?";"?";"?";"?";675;685;685;"?";621;635
"Doetinchem";5483;5896;5309;5201;4826;4803;4774;4853;4843;4783;4522;4610
"Dongen";4168;3894;4176;4186;"?";3884;3846;3948;4024;"?";3917;3848
"Dordrecht";9549;8986;8856;8696;9037;8888;8761;9385;9527;9258;8943;9028
"Drechterland";1853;1744;1755;1660;1482;1477;1474;1533;1599;1591;1548;1542
"Drimmelen";3311;3232;3202;3124;2842;2917;2890;2925;3098;3040;3091;2971
"Dronten";3810;3864;3858;3913;3685;3716;3666;3664;3799;3767;3668;3655
"Druten";1712;1700;1585;"?";1470;1512;1498;1515;1579;1516;1401;1462
"Duiven";2555;2448;2874;2582;2525;2518;2385;2638;2610;2571;"?";2666
"Echt-Susteren";3915;3838;3793;3735;3532;3534;3564;3630;3624;"?";3294;3300
"Edam-Volendam";2431;2372;2333;2356;"?";2239;2242;2227;2280;"?";2008;2054
"Ede";10894;10434;10454;10600;9907;9690;9694;9856;9926;9778;9019;9225
"Eemnes";1594;1588;1525;1481;1370;1376;1359;1389;1434;1434;1311;"?"
"Eemsdelta";"?";"?";"?";"?";"?";25613;25956;"?";"?";"?";"?";"?"
"Eersel";2171;2131;2068;2072;1949;1962;1973;2013;2043;2016;1806;1823
"Eijsden-Margraten";"?";2695;2684;2663;"?";2516;2549;"?";"?";"?";"?";"?"
"Eindhoven";20147;19527;19558;19670;18082;18294;18078;"?";18889;19076;18058;18370
"Elburg";2133;2051;2058;2004;1807;1815;1827;1866;1910;1880;1731;1773
"Emmen";11775;10942;13382;13625;13536;11515;10596;"?";10951;10692;11971;11120
"Enkhuizen";1624;1454;1622;1585;1490;1508;1477;1492;1520;"?";1383;1393
"Enschede";11120;10743;10733;10834;9710;10254;10216;10336;10345;"?";"?";9230
"Epe";3734;3598;3603;3557;3296;3257;3271;3357;3394;3352;3036;3127
"Ermelo";3104;2984;2970;2971;2788;2868;2883;"?";2940;2916;2650;2710
"Etten-Leur";6871;6588;6015;6035;5536;5681;5705;"?";5783;5680;5345;5419
"Geertruidenberg";2839;"?";"?";"?";"?";2307;2408;2355;2694;"?";1988;2004
"Geldrop-Mierlo";3239;3132;3111;3070;2869;2907;2910;2953;3085;2977;2910;2942
"Gemert-Bakel";2582;2492;2482;2535;2369;2401;2400;2389;2444;2398;2217;2234
"Gennep";1975;1888;1808;1859;1723;1734;1750;1773;1754;1694;1604;1638
"Gilze en Rijen";2809;2689;2646;2625;2457;2479;2466;2480;2545;2542;2426;2483
"Goeree-Overflakkee";4893;4783;4607;4660;4472;4496;4494;4471;4575;4538;4847;4811
"Goes";3712;3701;3610;3531;3441;3521;3463;3528;3550;3555;3148;3390
"Goirle";1476;1429;1358;1357;1270;1287;1246;1277;1312;1306;1198;1184
"Gooise Meren";6511;6272;6085;5853;5501;5487;5418;5559;5467;5422;5199;5219
"Gorinchem";4445;4270;4173;4005;3871;4128;4257;4329;"?";4396;4286;4324
"Gouda";5024;3960;4632;4435;4290;4329;4145;4132;4199;4025;3844;3903
"Groningen";"?";18622;18007;18529;18031;17693;17377;"?";18363;"?";16506;17033
"Gulpen-Wittem";1319;1267;1277;1289;1174;1176;1167;1196;1203;1154;1068;1071
"Haaksbergen";2084;2022;2131;2066;1868;1866;1896;1931;1985;1944;1916;1952
"Haarlem";9254;8790;9028;8710;8179;8184;8057;8080;8194;8075;7391;7550
"Haarlemmermeer";22516;22037;22086;21629;20351;20410;20589;21653;23221;24137;22219;23111
"Halderberge";"?";"?";"?";"?";4608;4322;4052;2563;2596;2577;2394;2442
"Hardenberg";6006;5926;6064;5996;5401;5386;5418;5595;5649;5488;5110;5276
"Harderwijk";4116;3992;4035;4039;3704;3716;3697;3763;3755;3708;3252;3320
"Hardinxveld-Giessendam";2053;1987;"?";1814;1671;1672;1647;1666;1708;1670;1608;1622
"Harlingen";3522;3324;2958;3032;3449;3539;3767;3717;3991;3234;3240;3318
"Hattem";1785;1737;1670;1646;1545;1517;1513;1557;1586;1578;1442;"?"
"Heemskerk";2329;2240;2211;2140;2049;2218;2197;2100;2081;"?";1939;1933
"Heemstede";1584;1497;1463;1465;1443;1453;1451;1469;1460;1418;"?";1377
"Heerde";2061;2017;1970;1902;1785;1785;1757;1797;1837;1813;"?";1655
"Heerenveen";5223;5042;5176;5050;4953;5122;5433;5490;5681;5466;5280;5306
"Heerlen";8760;8258;7999;7825;7157;7081;7027;7137;7034;6898;6189;6242
"Heeze-Leende";1869;1825;1793;1777;1640;1642;1627;1648;1665;1642;1499;1580
"Heiloo";1600;1546;1503;1465;1393;1373;1381;1389;1373;1359;1298;1293
"Hellendoorn";3352;3245;3203;3194;3003;3045;3052;3096;3173;3034;2775;2877
"Helmond";7508;7391;7660;7446;"?";7162;6995;"?";7307;7361;"?";6931
"Hendrik-Ido-Ambacht";1787;1703;1684;1659;1566;1609;1580;1595;1590;"?";"?";"?"
"Hengelo";7017;8163;8565;13727;"?";12750;13171;13460;12983;13177;12254;12334
"Het Hogeland";6148;6232;"?";"?";8092;7360;7810;"?";"?";8031;"?";"?"
"Heumen";1519;1501;1474;1449;1366;1387;1372;1392;1402;1391;"?";1293
"Heusden";5305;5070;5088;4991;4542;4679;4640;4760;4781;4634;4718;4671
"Hillegom";1333;1285;1276;1294;1222;1251;1205;1210;1248;1234;1158;1166
"Hilvarenbeek";1338;1297;1292;1310;1218;1238;1237;1253;1290;1267;1269;1296
"Hilversum";6655;6304;"?";6169;5609;5645;5580;5622;5534;5499;4859;4922
"Hoeksche Waard";7905;7684;7451;7338;6917;6969;6975;7161;7246;7021;6885;6903
"Hof van Twente";3683;3680;3838;3824;3334;3303;3246;3347;3379;3310;3271;3303
"Hollands Kroon";12472;"?";12724;13258;12822;12694;13078;14019;18208;19288;20304;20302
"Hoogeveen";6429;6331;6265;6321;6066;6076;6005;5934;5993;5849;5525;5558
"Hoorn";4168;3952;4147;3890;3711;3716;3693;3662;3674;3603;3341;3350
"Horst aan de Maas";9324;8674;9108;8849;7248;7434;7864;7903;7697;7502;7493;7524
"Houten";3525;3380;3267;"?";"?";2964;2970;3183;3042;3016;2839;"?"
"Huizen";2644;2498;2473;2509;2262;2242;2205;2219;2192;2167;1908;"?"
"Hulst";"?";"?";"?";2302;2154;2174;2126;2081;2126;2078;1874;1934
"IJsselstein";1707;1629;1617;1599;1518;1539;1590;1615;1621;1591;1485;1530
"Kaag en Braassem";3777;"?";3461;3433;3180;3212;3208;3290;3342;3308;3221;3237
"Kampen";5629;5170;5358;5368;4810;5054;5152;5178;5443;5386;5252;5555
"Kapelle";2527;2500;2628;2509;2313;2329;2390;1617;"?";"?";"?";"?"
"Katwijk";3978;3725;3819;3769;3531;3543;3493;3547;3695;3682;3418;3458
"Kerkrade";4622;4328;4212;4006;3822;3894;3877;3866;3744;3604;3433;3497
"Koggenland";3031;2926;2966;2863;2649;2776;2796;"?";2844;2860;2647;2671
"Krimpen aan den IJssel";1459;1362;"?";1391;1255;1273;1251;1252;1254;1205;1163;1146
"Krimpenerwaard";3837;3714;3623;3612;3441;3493;3501;3552;3620;3543;3505;3473
"Laarbeek";3272;3113;3118;3148;2964;3034;2982;3021;3124;3154;2935;2925
"Land van Cuijk";10615;10496;10433;10640;10021;10429;10238;10618;10731;11253;10841;11413
"Landgraaf";2439;2286;2240;2196;1963;2036;"?";1972;1974;1952;1831;1840
"Landsmeer";623;630;"?";"?";"?";625;616;"?";"?";"?";527;"?"
"Lansingerland";15072;14275;13349;13037;12349;12442;12706;12955;13308;13411;13313;13523
"Laren";1638;1539;"?";"?";"?";"?";1299;1334;1345;1331;1232;"?"
"Leeuwarden";10664;10614;10453;10431;9926;9715;9792;9808;10076;9845;9653;9569
"Leiden";7764;7493;7632;7440;6974;6927;6978;7232;7240;7153;6711;6761
"Leiderdorp";1910;1858;"?";1746;1644;1643;1612;1673;1682;1663;1517;1529
"Leidschendam-Voorburg";5777;5434;5194;4853;4560;4575;4471;4499;4534;4474;4267;4256
"Lelystad";8861;8078;8196;8071;7710;7928;7893;8228;8234;8254;6928;7389
"Leudal";4472;"?";"?";"?";3913;3949;3934;4016;3998;3947;3677;3680
"Leusden";2478;2359;2283;2243;2117;2104;2101;2133;2132;2096;1872;1889
"Lingewaard";4412;"?";4319;4013;3946;3984;3911;4037;4609;4594;4308;4285
"Lisse";1454;1330;"?";1338;1271;1251;1224;1203;1219;1219;1110;1116
"Lochem";4286;4165;4145;4022;3733;3735;3807;3788;3749;3639;3412;3380
"Loon op Zand";1788;1693;1668;1679;1564;1580;1584;1606;1649;1615;1504;1525
"Lopik";1396;1371;1344;1311;1233;1250;1234;1226;1251;1230;1125;1136
"Losser";1939;1900;1899;1917;1819;1820;1854;1854;1866;1817;1697;1709
"Maasdriel";3809;3573;3547;3480;3254;3364;3370;3425;3526;3485;3177;3240
"Maasgouw";"?";2709;2435;2445;2178;2355;2413;2451;2465;2181;2256;2311
"Maashorst";5786;5596;5561;5661;5465;5719;5452;5488;5638;5548;5149;5269
"Maassluis";1388;1309;"?";1276;1235;1217;1193;1187;1183;"?";"?";1092
"Maastricht";12585;12047;11779;13006;11438;11704;12062;"?";"?";"?";"?";"?"
"Medemblik";7314;6899;6788;6844;6343;6494;6289;6834;6958;7259;6690;6767
"Meerssen";1601;1542;"?";1514;1355;"?";1514;1417;1417;1388;1261;1243
"Meierijstad";10724;10428;10439;10568;9791;9849;9873;10121;10242;10072;9528;9693
"Meppel";3839;3723;3654;3724;3552;3494;3572;3601;3616;3520;3314;3363
"Middelburg";3835;3797;3888;3890;2882;3719;3721;3781;3769;3657;3462;3536
"Midden-Delfland";5864;5446;5306;"?";4810;5167;5350;5666;5602;5530;5329;5517
"Midden-Drenthe";5364;"?";5313;5429;5264;5529;5267;5307;5457;"?";4914;5133
"Midden-Groningen";"?";11100;11180;12217;11291;9434;10259;10277;"?";9496;9320;9372
"Moerdijk";31011;29180;29132;29000;25191;26752;27625;"?";"?";"?";"?";"?"
"Molenlanden";4120;4082;4054;4057;3799;3856;3887;3961;4038;"?";3625;3637
"Montferland";3109;2968;2935;2856;2716;2816;2796;2816;2848;2790;2736;2720
"Montfoort";991;958;949;965;903;923;909;885;899;881;814;817
"Mook en Middelaar";532;518;"?";495;469;474;477;501;502;496;477;478
"Neder-Betuwe";3251;3273;3345;3230;3117;3372;3399;3676;3813;3811;3474;3461
"Nederweert";1456;1412;1389;1411;1344;1361;1399;1429;1487;1421;1442;1478
"Nieuwegein";5673;5538;5322;5153;4722;4787;4768;4871;4912;4849;4502;4579
"Nieuwkoop";3209;2821;2790;2751;2556;2560;2526;2602;2504;2515;2457;2475
"Nijkerk";4055;3933;"?";3838;3600;3569;3632;3680;3717;3750;3602;3607
"Nijmegen";14935;14028;14047;14049;12757;12254;11477;11714;11628;11453;10694;10795
"Nissewaard";4805;4669;4617;4534;4321;4354;4395;4377;3816;4213;4055;4079
"Noardeast-Fryslân";3676;3652;3553;3589;3444;3428;3408;3391;3541;3452;3375;3370
"Noord-Beveland";945;"?";"?";907;853;849;860;865;901;897;891;934
"Noordenveld";2524;2446;2392;3403;2578;3594;3694;3627;3612;3434;3439;3222
"Noordoostpolder";8594;9888;10754;9851;8925;8957;9226;9776;"?";"?";"?";10271
"Noordwijk";3504;3234;"?";3318;3046;3152;3070;3099;3113;3075;2827;2863
"Nuenen, Gerwen en Nederwetten";1646;1608;1587;1588;1508;1515;1514;1550;1578;1548;1368;1369
"Nunspeet";3321;3201;3075;3062;2848;2868;2896;2978;3017;2996;2746;2735
"Oegstgeest";1426;1388;1472;1373;1293;1286;1242;1274;1294;1288;1280;1298
"Oirschot";3250;3161;3078;3002;2696;2684;2737;2790;2859;2817;2540;2557
"Oisterwijk";2898;2898;2818;2770;2561;2457;2596;2616;2553;2526;2258;2339
"Oldambt";5138;5153;4772;4729;4560;4592;4711;5968;6200;5852;5279;5757
"Oldebroek";2483;2387;2325;2295;2157;2159;2171;2214;2232;2238;1914;1927
"Oldenzaal";2581;2558;2612;2623;2346;2422;2438;2515;2199;2425;2216;2378
"Olst-Wijhe";1576;1555;"?";1562;1469;1465;1494;1504;1542;1471;1433;1421
"Ommen";2296;2167;2152;2277;2079;2735;3050;3102;3333;3233;3107;3172
"Oost Gelre";2883;2773;2843;2855;2647;2515;2512;2609;2656;2636;2558;2562
"Oosterhout";6354;6093;6059;5905;5694;5755;5848;5780;6061;"?";"?";"?"
"Ooststellingwerf";2364;2313;2336;2288;2151;2120;2125;2118;2202;2147;2232;2184
"Oostzaan";971;953;894;868;809;795;807;822;847;825;859;861
"Opmeer";957;916;913;886;822;822;828;806;808;801;792;804
"Opsterland";3208;3160;3123;3086;2861;2797;2806;2841;2920;2885;2710;2707
"Oss";9161;8568;8480;8529;8053;8139;8141;8123;8162;7909;7381;7524
"Oude IJsselstreek";3634;3533;3517;3418;3135;3112;3107;3130;3196;"?";2892;2860
"Ouder-Amstel";2995;3050;"?";"?";"?";2449;2453;2529;2598;2623;2355;2354
"Oudewater";661;648;629;628;595;602;601;606;611;596;"?";562
"Overbetuwe";5957;5768;5802;5460;5119;5121;5160;5270;5427;5385;5052;5099
"Papendrecht";2412;2339;2262;"?";"?";2095;2052;2047;2074;2082;1922;"?"
"Peel en Maas";8870;8339;8312;8306;7551;8081;8213;8621;8699;8425;"?";"?"
"Pekela";1628;1579;"?";"?";1455;1444;1445;1393;1328;"?";1238;1263
"Pijnacker-Nootdorp";10188;7380;7276;6694;6392;6764;6795;6747;6896;7210;7291;7108
"Purmerend";5771;"?";"?";5364;"?";5036;5231;"?";"?";5800;"?";"?"
"Putten";2585;2477;2423;2480;2264;2267;2270;2346;2367;2357;2134;2158
"Raalte";3384;3259;3333;3324;3048;2962;3020;3049;3131;3056;3030;3027
"Reimerswaal";"?";"?";"?";"?";"?";6955;6864;5160;"?";"?";"?";5883
"Renkum";5987;5699;"?";"?";"?";3934;4371;"?";"?";"?";"?";"?"
"Renswoude";517;515;517;522;492;512;509;509;525;514;"?";"?"
"Reusel-De Mierden";982;968;945;954;912;915;921;930;950;933;927;923
"Rheden";3542;3312;3306;3157;2973;2892;2885;2848;2791;2760;2632;2688
"Rhenen";1551;1506;1481;1445;1385;1414;1423;1436;1450;1413;1261;1308
"Ridderkerk";5355;5096;4786;4521;4189;4121;4057;4090;4112;3975;3964;3979
"Rijssen-Holten";3966;3850;3992;3850;3491;3537;3586;3684;3758;3683;3218;3249
"Rijswijk";4118;3796;3711;3501;3273;3351;3400;3439;3486;3299;3295;3290
"Roerdalen";2036;1970;1888;1859;1747;1759;1783;1789;1800;1670;"?";"?"
"Roermond";10278;10063;10071;10163;9854;9970;9928;9936;9906;9614;"?";9427
"Roosendaal";7988;7586;7395;7323;6837;6839;6737;6905;"?";6630;6310;6268
"Rotterdam";144788;145929;135685;155754;155283;165641;164480;170289;183032;"?";179744;177407
"Rozendaal";139;130;"?";"?";"?";"?";116;118;118;"?";"?";"?"
"Rucphen";2091;2040;2050;2040;1946;1962;1943;1940;1963;1933;1731;1767
"Schagen";4341;4142;4236;4132;3853;3828;3872;3967;4093;3953;"?";"?"
"Scherpenzeel";769;751;"?";733;702;704;703;711;721;706;693;706
"Schiedam";5817;5503;5217;5168;5039;5084;5163;4801;4273;4203;4342;4398
"Schiermonnikoog";122;120;"?";153;146;"?";"?";186;"?";166;178;190
"Schouwen-Duiveland";4479;4323;4154;4201;3876;3900;3902;3877;3937;4066;3806;4152
"'s-Hertogenbosch";13447;12887;12753;12715;11625;11756;11796;12331;12349;"?";11192;11239
"Simpelveld";666;624;633;643;633;591;593;595;597;585;554;551
"Sint-Michielsgestel";1896;1831;1838;1844;1718;1743;1735;1758;1779;1740;1652;1641
"Sittard-Geleen";"?";"?";"?";"?";"?";"?";"?";"?";"?";"?";"?";"?"
"Sliedrecht";2069;1970;1942;1885;1766;1802;1768;1800;1831;1802;1701;1732
"Sluis";2747;"?";2625;2579;2502;2486;2434;2363;2439;2404;2271;2248
"Smallingerland";5136;4995;5001;4845;4556;4527;4553;4541;4633;4570;4339;4403
"Soest";3461;3266;3235;3162;3006;3035;2997;2990;2997;2899;2664;2711
"Someren";3664;3754;3484;3780;3331;3486;2995;3052;3673;3593;3550;3531
"Son en Breugel";2499;2698;2570;2646;2418;2785;2823;"?";3202;2832;"?";3112
"Stadskanaal";2413;2342;2299;2232;2084;2086;2083;2050;2085;2018;1927;1959
"Staphorst";2587;2556;2514;2461;2314;2311;2317;2343;2438;2505;2301;2307
"Stede Broec";1310;1289;1284;1275;1204;1210;1217;1243;1267;1283;1279;1283
"Steenbergen";4631;4461;4639;5289;4471;5243;5368;7384;8531;"?";"?";"?"
"Steenwijkerland";3744;3705;4228;4050;3578;3458;3461;3469;3664;3565;3303;3348
"Stein";4851;"?";4400;"?";"?";"?";"?";"?";"?";"?";1337;1393
"Stichtse Vecht";7009;6886;6696;6632;6190;6293;6223;6306;6342;6231;5498;5555
"Súdwest-Fryslân";9048;8937;8938;9016;8517;8486;8443;8402;8598;8403;8092;8090
"Terneuzen";"?";"?";"?";"?";"?";"?";"?";"?";"?";"?";"?";"?"
"Terschelling";449;459;500;568;559;593;651;666;627;560;578;615
"Texel";1239;1220;1367;1385;1343;1397;1446;1398;1434;1427;1266;1314
"Teylingen";2733;2630;2629;2592;2443;2451;2436;2448;2454;2410;2307;2328
"Tholen";2586;2660;2532;2434;2350;2361;2428;2404;2383;2354;2003;2317
"Tiel";5155;4978;4626;4277;4031;4138;4128;4191;4265;4144;3895;4098
"Tilburg";18404;17537;17589;16956;15835;16199;16144;16570;16833;16463;15329;15671
"Tubbergen";1876;1846;1957;1993;1713;1735;1740;1782;1826;1733;1621;1664
"Twenterand";2604;2497;2575;2560;2237;2313;2320;2389;2508;2366;2312;2410
"Tynaarlo";3076;3023;2938;2951;2724;2671;2704;2716;2709;2611;2529;2555
"Tytsjerksteradiel";"?";3705;3710;3579;"?";3381;3568;"?";3644;3684;3881;3632
"Uitgeest";1171;"?";1153;"?";1069;1083;1074;1092;1099;1090;995;989
"Uithoorn";5326;4811;"?";4094;3850;3712;3773;3861;"?";"?";"?";"?"
"Urk";1084;1080;1094;1072;1016;1060;1056;1098;1139;1135;1042;1066
"Utrecht";25734;24043;23790;23087;21784;21703;21949;"?";22706;22254;21300;21529
"Utrechtse Heuvelrug";5534;5322;5126;5029;4743;4745;4679;4724;4718;"?";"?";4060
"Vaals";709;672;"?";669;621;632;623;643;625;613;"?";591
"Valkenburg aan de Geul";1665;1551;1546;1536;1383;1391;1403;1411;1410;1397;"?";1251
"Valkenswaard";2462;2354;2319;2287;2138;2157;2148;2177;2164;2104;1903;1927
"Veendam";"?";"?";"?";"?";"?";4241;4175;"?";"?";"?";"?";"?"
"Veenendaal";4164;3969;3880;3751;3624;3655;3685;3767;3780;3655;3385;3414
"Veere";1952;1883;1885;1894;1771;1778;1782;1783;1816;1787;1648;1711
"Veldhoven";3790;3669;3657;3817;3587;3684;3595;3552;3704;3652;3463;3521
"Velsen";"?";"?";"?";"?";"?";27953;27612;"?";"?";"?";"?";"?"
"Venlo";15558;14758;14253;13463;12352;12618;12706;12998;13198;12691;12120;12483
"Venray";5660;5610;5656;6016;5613;5673;5693;5778;5981;5638;5456;5571
"Vijfheerenlanden";9135;"?";"?";8338;8358;8387;8291;"?";"?";8316;7436;7714
"Vlaardingen";4318;4083;3968;3856;3705;3710;3766;3711;3848;3765;3714;3577
"Vlieland";130;122;"?";146;"?";"?";"?";142;"?";144;143;166
"Vlissingen";"?";"?";"?";3565;3813;4084;4247;4432;"?";"?";"?";"?"
"Voerendaal";1019;984;965;940;886;875;880;886;888;876;792;795
"Voorne aan Zee";8785;"?";"?";7284;7202;7404;7602;7390;8230;"?";"?";"?"
"Voorschoten";1226;1163;1147;1159;1084;1071;1051;1071;1079;1049;"?";"?"
"Voorst";3054;2928;2899;2787;2588;2567;2595;2660;2699;2659;2459;2508
"Vught";3080;2881;2784;2755;2540;2557;2519;2544;2603;"?";"?";2373
"Waadhoeke";6487;6532;6606;6341;5735;5932;6010;5869;6047;6021;6005;5711
"Waalre";1476;1453;1363;1327;1271;1267;1262;1293;1291;1274;1177;1180
"Waalwijk";5095;4858;4801;4778;4481;4538;4448;4832;4942;4679;4605;4697
"Waddinxveen";"?";4546;4399;4296;4137;4136;4129;4213;3985;4021;4014;4104
"Wageningen";2493;2282;"?";2497;2379;2339;2343;2313;2137;2183;2103;2122
"Wassenaar";2748;2609;2649;2545;2271;2313;2282;2343;2358;"?";1971;1976
"Waterland";1428;1406;1368;1360;1260;1276;1258;1278;1303;1274;1162;1161
"Weert";5795;5729;5420;5218;4981;4767;4970;4687;5453;4920;4382;4442
"West Betuwe";10553;10474;10241;10214;10343;9868;9784;10106;10467;10467;9548;9586
"West Maas en Waal";1706;1666;1652;1664;1535;1543;1526;1539;1581;1558;1486;1504
"Westerkwartier";7027;7233;7110;6989;6525;6703;6609;6893;7039;6563;5979;6041
"Westerveld";2114;2080;2039;2057;1908;1909;1882;1847;1894;1848;1770;1851
"Westervoort";719;673;"?";"?";"?";"?";586;593;599;"?";588;"?"
"Westerwolde";"?";"?";"?";"?";"?";4857;4163;"?";"?";"?";"?";"?"
"Westland";46984;42910;43533;43572;37799;39339;39823;40863;40465;40692;37199;41004
"Weststellingwerf";2540;2548;2560;2491;2342;2321;2314;2326;2447;2384;2307;2299
"Wierden";2691;2602;2566;2538;2330;2319;2297;2404;2420;2367;2285;2348
"Wijchen";3739;3676;3632;3542;3336;3376;3403;3475;3525;3536;3188;3318
"Wijdemeren";1888;1801;1770;1720;1583;1566;1543;1568;1564;1530;1397;1424
"Wijk bij Duurstede";1385;1341;1302;1293;1227;1240;1210;1219;1230;1199;1076;1077
"Winterswijk";2433;2350;2349;2335;2182;2169;2162;2176;2227;2187;1948;1997
"Woensdrecht";2535;2471;2491;"?";"?";2386;2392;2812;2751;2425;2344;2385
"Woerden";6925;6863;6523;6430;6000;6316;6256;6394;6487;6447;5670;5687
"Wormerland";1799;1756;1740;1723;1812;1806;1827;1865;1907;1918;1761;1778
"Woudenberg";1199;1186;1170;1166;1099;1102;1085;1100;1105;"?";950;950
"Zaanstad";13800;13175;13096;12400;11772;12017;11847;11865;"?";11887;11395;11487
"Zaltbommel";8466;8159;8526;9324;7971;8406;8377;8842;9156;"?";9122;9483
"Zandvoort";1110;1021;1002;962;939;948;943;950;938;924;855;888
"Zeewolde";2488;"?";2690;2620;2490;2484;2591;2703;2763;2788;2806;2842
"Zeist";5401;5147;5038;4930;4552;4651;4701;4703;4684;4582;4110;4197
"Zevenaar";5520;5347;5176;5012;4823;4845;4884;4887;4991;4888;4548;4589
"Zoetermeer";7320;7007;7001;6794;6596;6571;6574;6625;6915;"?";6605;6550
"Zoeterwoude";1831;1725;"?";"?";"?";1672;1555;"?";"?";"?";"?";"?"
"Zuidplas";9131;8122;7666;7899;7214;7532;7534;7681;7581;7302;6829;6933
"Zundert";2101;1978;1931;2002;1842;1878;1866;1792;1882;1814;1802;1825
"Zutphen";3586;3383;3339;3316;2957;3051;3037;3075;3138;3080;2826;2891
"Zwartewaterland";2507;2429;2416;2437;2284;2374;2446;2535;2528;2538;2430;2521
"Zwijndrecht";4294;4016;"?";4294;4055;4062;4038;4016;4077;3947;3670;3814
"Zwolle";11022;10777;10779;10784;10740;9722;9835;9868;9934;9767;9030;9135
